"Time (s)","Distance (cm)"
4.116208409E-3,5.000000000E0